<?xml version="1.0" encoding="UTF-8" standalone="yes"?>
<addon id="repository.giftbalogun" name="GiftRepository" version="1.0" provider-name="GiftBalogun">
    <extension point="xbmc.addon.repository" name="GiftBalogun Repository">
        <dir>
            <info compressed="false">https://raw.githubusercontent.com/giftbalogun/repository.brutekodi/main/zips/addons.xml</info>
            <checksum>https://raw.githubusercontent.com/giftbalogun/repository.brutekodi/main/zips/addons.xml.md5</checksum>
            <datadir zip="true">https://raw.githubusercontent.com/giftbalogun/repository.brutekodi/main/zips/</datadir>
        </dir>
    </extension>
    <extension point="xbmc.addon.metadata">
        <summary>BruteCode Repo</summary>
        <description>Home of BruteCode</description>
        <disclaimer></disclaimer>
        <platform>all</platform>
        <assets>
            <icon>icon.png</icon>
            <fanart>fanart.jpg</fanart>
        </assets>
    </extension>
</addon>
