<?xml version="1.0" encoding="UTF-8" standalone="yes"?>
<addon id="repository.brutekodi" name="BruteKodi Repository" version="1.0" provider-name="YOUR_USERNAME_HERE">
    <extension point="xbmc.addon.repository" name="BruteKodi Repository">
        <dir>
            <info compressed="false">https://raw.githubusercontent.com/YOUR_USERNAME_HERE/REPOSITORY_NAME_HERE/DEFAULT_BRANCH_NAME_HERE/repo/zips/addons.xml</info>
            <checksum>https://raw.githubusercontent.com/YOUR_USERNAME_HERE/REPOSITORY_NAME_HERE/DEFAULT_BRANCH_NAME_HERE/repo/zips/addons.xml.md5</checksum>
            <datadir zip="true">https://raw.githubusercontent.com/YOUR_USERNAME_HERE/REPOSITORY_NAME_HERE/DEFAULT_BRANCH_NAME_HERE/repo/zips/</datadir>
        </dir>
    </extension>
    <extension point="xbmc.addon.metadata">
        <summary>REPO_NAME_HERE</summary>
        <description>DESCRIPTION OF YOUR REPO HERE</description>
        <disclaimer></disclaimer>
        <platform>all</platform>
        <assets>
            <icon>icon.png</icon>
            <fanart>fanart.jpg</fanart>
        </assets>
    </extension>
</addon>