<?xml version="1.0" encoding="UTF-8"?>
<addon id="plugin.video.brutecode" name="GiftBalogun Repository" version="0.0.1" provider-name="GiftBalogun">
   <requires>
      <import addon="xbmc.python" version="2.25.0" />
      <import addon="script.module.requests" />
   </requires>
   <extension point="xbmc.python.pluginsource" library="default.py">
      <provides>video</provides>
   </extension>
    <extension point="xbmc.addon.metadata">
        <summary>Gift Repository For BruteCode</summary>
        <description>Home of BruteCode Addons on Kodi</description>
        <disclaimer></disclaimer>
        <platform>all</platform>
        <assets>
            <icon>icon.png</icon>
            <fanart>fanart.jpg</fanart>
        </assets>
    </extension>
</addon>