<?xml version="1.0" encoding="UTF-8"?>
<addon id="plugin.video.brutecode" name="GiftRepository" version="0.0.1" provider-name="GiftBalogun">
   <requires>
      <import addon="xbmc.python" version="2.25.0" />
      <import addon="script.module.requests" />
   </requires>
   <extension point="xbmc.python.pluginsource" library="default.py">
      <provides>video</provides>
   </extension>
   <extension point="xbmc.addon.metadata">
      <summary lang="en">Hey enjoy this with free movies, tv shows, sports and so much more coming up.</summary>
      <language>en</language>
      <description lang="en">BruteCode Addons</description>
      <platform>all</platform>
   </extension>
</addon>