<?xml version="1.0" encoding="UTF-8" standalone="yes"?>
<addon id="script.module.brutecode" name="BruteCode Common" provider-name="giftbalogun" version="1.0.0">
	<requires>
		<import addon="repository.brutecode" />
	</requires>
	<extension point="xbmc.service" library="service.py" start="login" />
	<extension point="xbmc.python.pluginsource" library="default.py" />
	<extension point="xbmc.python.module" library="resources/modules" />
	<extension point="xbmc.addon.metadata">
		<description lang="en">Common code required by all BruteCode add-ons</description>
		<reuselanguageinvoker>true</reuselanguageinvoker>
		<license></license>
		<language></language>
		<website></website>
		<news>French translations. Thanks @thombet</news>
		<assets>
			<icon>icon.png</icon>
			<fanart>fanart.jpg</fanart>
		</assets>
	</extension>
</addon>
