<?xml version="1.0" encoding="UTF-8"?>
<addon id="plugin.video.youtube" name="YouTube" version="1.0.0" provider-name="giftbalogun">
	<requires>
		<import addon="xbmc.python" version="3.0.0"/>
		<import addon="script.module.six" version="1.11.0"/>
		<import addon="script.module.requests" version="2.12.4"/>
		<import addon="script.module.inputstreamhelper" version="0.2.2" optional="true"/>
	</requires>
	<extension point="xbmc.python.pluginsource" library="resources/lib/default.py">
		<provides>video</provides>
	</extension>
	<extension point="xbmc.service" library="resources/lib/startup.py"/>
	<extension point="xbmc.python.module" library="resources/lib/"/>
	<extension point="xbmc.addon.metadata">
		<news/>
		<assets>
		<icon>icon.png</icon>
		<fanart>fanart.jpg</fanart>
		</assets>
		<platform>all</platform>
		<license>GPL-2.0-only</license>
		<forum>https://giftbalogun.name.ng/</forum>
		<website>https://www.youtube.com</website>
		<source>https://giftbalogun.github.io/</source>
		<reuselanguageinvoker>true</reuselanguageinvoker>
		<summary lang="en_GB">Plugin for YouTube</summary>
		<description lang="en_GB">YouTube is one of the biggest video-sharing websites of the world.</description>
		<disclaimer lang="en_GB">This plugin is not endorsed by Google</disclaimer>
	</extension>
</addon>
