<?xml version="1.0" encoding="UTF-8" standalone="yes"?>
<addon id="repository.brutecode" name="BruteCode Repository" version="1.0" provider-name="giftbalogun">
    <extension point="xbmc.addon.repository" name="BruteCode Repository">
        <dir>
            <info compressed="false">https://raw.githubusercontent.com/giftbalogun/repository.brutecode/main/repo/zips/addons.xml</info>
            <checksum>https://raw.githubusercontent.com/giftbalogun/repository.brutecode/main/repo/zips/addons.xml.md5</checksum>
            <datadir zip="true">https://raw.githubusercontent.com/giftbalogun/repository.brutecode/main/repo/zips/</datadir>
        </dir>
        <dir minversion="18.0" maxversion="18.9.0">
            <info compressed="false">https://raw.githubusercontent.com/giftbalogun/repository.brutecode/main/leia/zips/addons.xml</info>
            <checksum>https://raw.githubusercontent.com/giftbalogun/repository.brutecode/main/leia/zips/addons.xml.md5</checksum>
            <datadir zip="true">https://raw.githubusercontent.com/giftbalogun/repository.brutecode/main/leia/zips/</datadir>
        </dir>
        <dir minversion="18.9.0">
            <info compressed="false">https://raw.githubusercontent.com/giftbalogun/repository.brutecode/main/matrix/zips/addons.xml</info>
            <checksum>https://raw.githubusercontent.com/giftbalogun/repository.brutecode/main/matrix/zips/addons.xml.md5</checksum>
            <datadir zip="true">https://raw.githubusercontent.com/giftbalogun/repository.brutecode/main/matrix/zips/</datadir>
        </dir>
    </extension>
    <extension point="xbmc.addon.metadata">
        <summary>BruteCode Repository</summary>
        <description>Kodi Repository Fully Loaded</description>
        <disclaimer>Personal Repo</disclaimer>
        <platform>all</platform>
        <forum>https://giftbalogun.github.io/</forum>
		<website>https://giftbalogun.github.io/</website>
		<email>blgnbalogun53@gmail.com</email>
		<source>https://giftbalogun.github.io/</source>
        <assets>
            <icon>icon.png</icon>
            <fanart>fanart.jpg</fanart>
        </assets>
    </extension>
</addon>