<?xml version="1.0" encoding="UTF-8"?>
<addon id="plugin.video.brutesports" name="Brute Sports" version="1.0.0" provider-name="giftbalogun">
    <requires>
        <import addon="xbmc.python" version="3.0.0"/>
        <import addon="script.module.dateutil" />
        <import addon="script.module.six" />
    </requires>
    <extension point="xbmc.python.pluginsource" library="default.py">
        <provides>video</provides>
    </extension>
    <extension point="xbmc.addon.metadata">
        <summary lang="en">Brute Sports by BruteCode</summary>
        <description lang="en">Sport Streams from SportHD.me</description>
        <disclaimer lang="en">All the streams on this add-on are hosted on the third party site and uploaded by other people. We are not responsible for any content that hosted on on the third-party sites. If you have any legal issues please contact appropriate video owners hosters.</disclaimer>
        <language>EN</language>
        <license>GNU GPL, version 2</license>
        <twitter>https://twitter.com/am_de_one</twitter>
        <news>-compatible with Kodi18.x - 19.x version</news>
        <assets>
            <icon>icon.png</icon>
            <fanart>fanart.jpg</fanart>
        </assets>
    </extension>
</addon>