<?xml version="1.0" encoding="UTF-8"?>
<addon id="plugin.video.brutecode" name="BruteCode Video" version="1.0.0" provider-name="giftbalogun">
   <requires>
        <import addon="xbmc.python" version="3.0.0" />
        <import addon="script.module.requests"/>
   </requires>
   <extension point="xbmc.python.pluginsource" library="main.py">
        <provides>video</provides>
   </extension>
    <extension point="xbmc.addon.metadata">
        <summary>BruteCode Video</summary>
        <description>Home of BruteCode Addons on Kodi</description>
        <disclaimer></disclaimer>
        <platform>all</platform>
        <assets>
            <icon>icon.png</icon>
            <fanart>fanart.jpg</fanart>
        </assets>
    </extension>
</addon>