<?xml version="1.0" encoding="UTF-8"?>
<addon id="repository.brutekodi" name="GiftBalogun Repository" version="1.0" provider-name="GiftBalogun">
   <requires>
      <import addon="xbmc.python" version="2.20.0" />
   </requires>
   <extension point="xbmc.python.pluginsource" library="addon.py">
      <provides>video</provides>
   </extension>
   <extension point="xbmc.addon.metadata">
      <summary lang="en">My Personal Kodi Repository</summary>
      <description lang="en">Kodi Repository Fully Loaded</description>
      <disclaimer lang="en">Personal Repo</disclaimer>
      <language>en</language>
      <platform>all</platform>
      <license />
      <forum>https://giftbalogun.github.io/</forum>
      <website>https://giftbalogun.github.io/</website>
      <email>blgnbalogun53@gmail.com</email>
      <source>https://giftbalogun.github.io/</source>
   </extension>
</addon>