<?xml version="1.0" encoding="UTF-8"?>
<addon id="repository.brutekodi" name="BruteCode Repository" version="1.0" provider-name="BruteCode">
   <extension point="xbmc.addon.repository" name="BruteCode Repository">
      <info compressed="false">http://dabutcher.org/repo.home/repository.dab/zips/addons.xml</info>
      <checksum>http://dabutcher.org/repo.home/repository.dab/zips/addons.xml.md5</checksum>
      <datadir zip="true">http://dabutcher.org/repo.home/repository.dab/zips/</datadir>
   </extension>
   <extension point="xbmc.addon.metadata">
      <summary>BruteCode Repo</summary>
      <description>Home of BruteCode</description>
      <platform>all</platform>
      <assets>
         <icon>icon.png</icon>
         <fanart>fanart.jpg</fanart>
         <screenshot />
      </assets>
   </extension>
</addon>